name,en_name,size,kcal,sodium,sat_fat,sugar,protein,caffeine,allergy,image,desc_top,desc_bottom
나이트로 바닐라 크림,Nitro Vanilla Cream,Tall(톨) / 355ml (12 fl oz),75,20,2,10,1,245,우유,https://image.istarbucks.co.kr/upload/store/skuimg/2019/09/[9200000002487]_20190919181354845.jpg,부드러운 목넘김의 나이트로 커피와 바닐라 크림의 매력을 한번에 느껴보세요!,부드러운 목넘김의 나이트로 커피와 바닐라 크림의 매력을 한번에 느껴보세요!
제주 비자림 콜드 브루,Jeju Forest Cold Brew,Grande(그란데) / 473ml (16 fl oz),340,115,8,44,10,105,,https://image.istarbucks.co.kr/upload/store/skuimg/2020/02/[9200000002672]_20200220135658610.jpg,"[제주지역 한정음료] 제주 천년의 숲 비자림을 연상시키는
음료로 제주에서 유기농 말차로 만든
파우더와 Cold Brew를 활용한 음료.
더욱 시원하고 새로운 Cold Brew를 제주에서 즐겨보세요.",[제주지역 한정음료] 제주 천년의 숲 비자림을 연상시키는
코코넛 화이트 콜드 브루,Coconut White Cold Brew,Tall(톨) / 355ml (12 fl oz),415,65,15,19,5,150,,https://image.istarbucks.co.kr/upload/store/skuimg/2020/04/[9200000002739]_20200403131524603.jpg,"고소한 코코넛과 정성스레 내린 콜드 브루와의 풍미좋은 만남
코코넛으로 만든 달콤하고 부드러운 크림 폼과 콜드 브루의 감칠맛이 깔끔하게 올라오는,
코코넛 화이트 콜드브루",고소한 코코넛과 정성스레 내린 콜드 브루와의 풍미좋은 만남
나이트로 쇼콜라 클라우드,Nitro Chocolat Cloud,Tall(톨) / 355ml (12 fl oz),55,20,2,7,1,245,우유,https://image.istarbucks.co.kr/upload/store/skuimg/2018/04/[9200000001275]_20180409150826100.jpg,"초콜릿과 견과류의 풍미, 초콜릿 파우더 토핑, 하프&하프 샷
부드럽고 달콤한 새로운 나이트로 콜드 브루",차가운 물로 14시간 동안 서서히 완성된 콜드 브루가 질소와 만나
나이트로 콜드 브루,Nitro Cold Brew,Tall(톨) / 355ml (12 fl oz),5,5,0,0,0,245,,https://image.istarbucks.co.kr/upload/store/skuimg/2017/03/[9200000000479]_20170328134443541.jpg,"나이트로 커피 정통의 캐스케이딩과 부드러운 콜드 크레마!
부드러운 목 넘김과 완벽한 밸런스에 커피 본연의 단맛을 경험할 수 있습니다.",차가운 물로 14시간 동안 서서히 완성된 콜드 브루가 질소와 만나
돌체 콜드 브루,Dolce Cold Brew,Tall(톨) / 355ml (12 fl oz),265,115,9,29,8,150,우유,https://image.istarbucks.co.kr/upload/store/skuimg/2019/04/[9200000002081]_20190409153909859.jpg,"무더운 여름철,
동남아 휴가지에서 즐기는 커피를 떠오르게 하는
스타벅스 음료의 베스트 x 베스트 조합인
돌체 콜드 브루를 만나보세요!","무더운 여름철, 동남아 휴가지에서 즐기는 커피를 떠오르게 하는 스타벅스 음료의 베스트조합인 돌체 콜드 브루를 만나보세요!"
바닐라 크림 콜드 브루,Vanilla Cream Cold Brew,Tall(톨) / 355ml (12 fl oz),125,58,6,11,3,150,우유,https://image.istarbucks.co.kr/upload/store/skuimg/2017/04/[9200000000487]_20170405152830688.jpg,콜드 브루에 더해진 바닐라 크림으로 깔끔하면서 달콤한 콜드 브루를 새롭게 즐길 수 있는 음료입니다.,콜드 브루에 더해진 바닐라 크림으로 깔끔하면서 달콤한 콜드 브루를 새롭게 즐길 수 있는 음료입니다.
콜드 브루,Cold Brew,Tall(톨) / 355ml (12 fl oz),5,11,0,0,0,150,,https://image.istarbucks.co.kr/upload/store/skuimg/2016/04/[9200000000038]_20160408135802812.jpg,"스타벅스 바리스타의 정성으로 탄생한 콜드 브루!

콜드 브루 전용 원두를 차가운 물로 14시간 동안 추출하여 한정된 양만 제공됩니다.
깊은 풍미의 새로운 커피 경험을 즐겨보세요.",스타벅스 바리스타의 정성으로 탄생한 콜드 브루!
콜드 브루 몰트,Cold Brew Malt,Tall(톨) / 355ml (12 fl oz),510,147.8,20,40,10,150,대두 / 우유,https://image.istarbucks.co.kr/upload/store/skuimg/2018/07/[9200000001636]_20180726125513041.jpg,"[리저브 전용음료] 리저브 콜드 브루, 바닐라 아이스크림, 몰트가 블렌딩된 리저브만의 쉐이크",커피 매스터의 14시간 정성으로 추출한 리저브 콜드 브루와
콜드 브루 플로트,Cold Brew Float,Tall(톨) / 355ml (12 fl oz),230,69,10,18,3,150,우유,https://image.istarbucks.co.kr/upload/store/skuimg/2018/07/[9200000001635]_20180726125607731.jpg,[리저브 전용음료] 리저브 콜드 브루 위에 녹아 내리는 한 스쿱의 바닐라 아이스크림,커피 매스터의 14시간 정성으로 추출한 리저브 콜드 브루에
콜드 폼 콜드 브루,Cold Foam Cold Brew,Tall(톨) / 355ml (12 fl oz),105,175,0,20,5,150,우유,https://image.istarbucks.co.kr/upload/store/skuimg/2018/04/[9200000000949]_20180410163003598.jpg,부드럽고 쫀득하며 달콤한 콜드 폼을 즐기고 콜드 브루를 같이 마시면 더욱 부드러운 목넘김을 즐길 수 있는 음료 입니다.,아인슈페너/비엔나 커피를 연상시키는 콜드 폼은 무지방 우유로 즉석에서 만들어 제공하므로 신선하며 맛있습니다.
아이스 커피,Iced Coffee,Tall(톨) / 355ml (12 fl oz),5,10,0,0,0,140,,https://image.istarbucks.co.kr/upload/store/skuimg/2015/07/[106509]_20150724164325877.jpg,깔끔하고 상큼함이 특징인 시원한 아이스 커피,"케냐, 하우스 블렌드 등 약간의 산미가 있는 커피를 드립 방식으로 추출한 후 얼음과 함께 제공하는 커피 입니다. 아이스 커피로 적합한 프리미엄 원두를 이용하여 깔끔하고 상큼한 맛을 느끼실 수 있습니다."
오늘의 커피,Brewed Coffee,Tall(톨) / 355ml (12 fl oz),5,10,0,0,0,260,,https://image.istarbucks.co.kr/upload/store/skuimg/2015/07/[2]_20150724164439044.jpg,신선하게 브루드(Brewed)되어 원두의 다양함이 살아있는 커피,매주 일주일 간격으로 하나의 원두 종류를 선정하여 신선하게 브루드(Brewed)되어 제공되는 드립커피로 원두 커피의 풍부한 맛과 향을 따뜻하게 즐기실 수 있습니다.
에스프레소 콘 파나,Espresso Con Panna,Solo(솔로) / 22ml (0.75 fl oz),30,0,1.5,1,0,75,우유,https://image.istarbucks.co.kr/upload/store/skuimg/2015/08/[30]_20150813221811147.jpg,에스프레소 샷에 풍부한 휘핑크림을 얹은 강렬하고 달콤한 음료,"신선한 에스프레소 샷에 풍부한 휘핑크림을 얹은 커피 음료로서, 뜨거운 커피의 맛과 차갑고 달콤한 생크림의 맛을 동시에 즐기실 수 있습니다."
에스프레소 마키아또,Espresso Macchiato,Solo(솔로) / 22ml (0.75 fl oz),10,0,0,0,1,75,우유,https://image.istarbucks.co.kr/upload/store/skuimg/2015/08/[25]_20150813221101602.jpg,강렬한 에스프레소 위에 소량의 우유 거품이 얹어진 음료,"신선한 에스프레소 샷에 우유 거품을 살짝 얹은 커피 음료로써, 강렬한 에스프레소의 맛과 우유의 부드러움을 같이 느끼실 수 있습니다."
아이스 카페 아메리카노,Iced Caffe Americano,Tall(톨) / 355ml (12 fl oz),10,5,0,0,1,150,,https://image.istarbucks.co.kr/upload/store/skuimg/2015/08/[110563]_20150813222100303.jpg,강렬한 에스프레소 샷에 시원한 물의 조화,풍부하고 진한 농도의 에스프레소에 시원한 정수물을 더하여 스타벅스의 깔끔하고 강렬한 에스프레소를 부드럽지만 시원하게 즐기실 수 있는 커피입니다.
카페 아메리카노,Caffe Americano,Tall(톨) / 355ml (12 fl oz),10,5,0,0,1,150,,https://image.istarbucks.co.kr/upload/store/skuimg/2015/08/[94]_20150813222021880.jpg,강렬한 에스프레소 샷에 뜨거운 물의 조화,"유럽풍의 커피를 미국 스타일로 접목시킨 커피로써, 진한 농도의 에스프레소와 더운물을 혼합하여, 스타벅스의 깔끔하고 강렬한 에스프레소를 가장 부드럽게 잘 느낄 수 있는 커피입니다."
블론드 카라멜 클라우드 마키아또,Blonde Caramel Cloud Macchiato,Tall(톨) / 355ml (12 fl oz),250,310,3.7,36,10,170,우유,https://image.istarbucks.co.kr/upload/store/skuimg/2019/11/[9200000002585]_20191111140325191.jpg,"블론드 에스프레소 위에 부드러운 클라우드 콜드 폼, 달콤한 카라멜 드리즐로 완성한 블론드 카라멜 클라우드 마키아또를 즐겨보세요!","블론드 에스프레소 위에 부드러운 클라우드 콜드 폼, 달콤한 카라멜 드리즐로 완성한 블론드 카라멜 클라우드 마키아또를 즐겨보세요!"
블론드 코코아 클라우드 마키아또,Blonde Cocoa Cloud Macchiato,Tall(톨) / 355ml (12 fl oz),255,340,3.6,38,10,170,우유,https://image.istarbucks.co.kr/upload/store/skuimg/2019/11/[9200000002589]_20191111140503012.jpg,"블론드 에스프레소에 부드러운 클라우드 콜드 폼, 코코아 드리즐로 완성한 블론드 코코아 클라우드를 즐겨보세요!","블론드 에스프레소에 부드러운 클라우드 콜드 폼, 코코아 드리즐로 완성한 블론드 코코아 클라우드를 즐겨보세요!"
아이스 블론드 카라멜 클라우드 마키아또,Iced Blonde Caramel Cloud Macchiato,Tall(톨) / 355ml (12 fl oz),215,280,2.5,33,8,170,우유,https://image.istarbucks.co.kr/upload/store/skuimg/2019/11/[9200000002587]_20191111140424942.jpg,"블론드 에스프레소 위에 부드러운 클라우드 콜드 폼, 달콤한 카라멜 드리즐로 완성한 블론드 카라멜 클라우드 마키아또를 즐겨보세요!","블론드 에스프레소 위에 부드러운 클라우드 콜드 폼, 달콤한 카라멜 드리즐로 완성한 블론드 카라멜 클라우드 마키아또를 즐겨보세요!"
아이스 블론드 코코아 클라우드 마키아또,Iced Blonde Cocoa Cloud Macchiato,Tall(톨) / 355ml (12 fl oz),220,310,2.4,35,8,170,우유,https://image.istarbucks.co.kr/upload/store/skuimg/2019/11/[9200000002591]_20191111140547113.jpg,"블론드 에스프레소에 부드러운 클라우드 콜드 폼, 코코아 드리즐로 완성한 블론드 코코아 클라우드를 즐겨보세요!","블론드 에스프레소에 부드러운 클라우드 콜드 폼, 코코아 드리즐로 완성한 블론드 코코아 클라우드를 즐겨보세요!"
아이스 카라멜 마키아또,Iced Caramel Macchiato,Tall(톨) / 355ml (12 fl oz),190,110,4.6,21,6,75,우유,https://image.istarbucks.co.kr/upload/store/skuimg/2015/08/[110582]_20150803101947416.jpg,"바닐라 시럽, 시원한 우유에 얼음과 에스프레소 샷, 카라멜 드리즐이 어우러진 음료",향긋한 바닐라 시럽과 시원한 우유에 얼음을 넣고 점을 찍듯이 에스프레소를 부은 후 벌집모양으로 카라멜 소스를 뿌려 장식한 음료로 가장 아름다운 커피 음료 중 하나입니다.
카라멜 마키아또,Caramel Macchiato,Tall(톨) / 355ml (12 fl oz),200,130,5,22,8,75,우유,https://image.istarbucks.co.kr/upload/store/skuimg/2015/08/[126197]_20150813215717246.jpg,"바닐라 시럽과 우유, 그리고 그 위에 얹어진 에스프레소 샷과 달콤한 카라멜 드리즐의 조화",향긋한 바닐라 시럽과 따뜻한 스팀밀크 위에 풍성한 우유 거품을 얹고 점을 찍듯이 에스프레소를 부은 후 벌집모양으로 카라멜 소스를 뿌려 장식한 달콤한 커피 음료입니다.
아이스 카푸치노,Iced Cappuccino,Tall(톨) / 355ml (12 fl oz),115,90,3.5,9,6,75,우유,https://image.istarbucks.co.kr/upload/store/skuimg/2015/08/[110601]_20150803101742023.jpg,에스프레소 샷과 시원한 우유에 부드러운 우유 거품이 얹어진 시원한 음료.,풍부하고 진한 농도의 에스프레소에 시원한 우유를 더하여 우유의 고소함과 에스프레소의 강렬함에 벨벳같은 우유 거품이 더해져 부드러운 커피 입니다.
카푸치노,Cappuccino,Tall(톨) / 355ml (12 fl oz),110,70,3,8,6,75,우유,https://image.istarbucks.co.kr/upload/store/skuimg/2015/08/[38]_20150821164230299.jpg,벨벳같은 우유 거품과 에스프레소 샷의 절묘한 조화!,풍부하고 진한 농도의 에스프레소에 따뜻한 우유와 벨벳같은 우유 거품이 1:1 비율로 어우러저 마무리된 대표적인 에스프레소 음료 입니다.
라벤더 카페 브레베,Lavender Cafe Breve,Tall(톨) / 355ml (12 fl oz),406,140,22,30,7,75,우유,https://image.istarbucks.co.kr/upload/store/skuimg/2016/12/[9200000000432]_20161213140957559.jpg,"[더종로R,청담스타R,한강진역R,홍대입구역사거리R,이대R 전용음료] 블랙이글로 추출한 리저브 에스프레소 샷과 은은한 라벤더향이 고급스럽게 어우러진 리저브 특화음료입니다.","[더종로R,청담스타R,한강진역R,홍대입구역사거리R, 이대R 전용음료] 블랙이글로 추출한 리저브 에스프레소 샷과 은은한 라벤더향이 고급스럽게 어우러진 리저브 특화음료입니다. 보라색 라벤더꽃이 화려하게 장식된 부드럽고 세련된 풍미의 라벤더 카페 브레베를 만나보세요!"
럼 샷 코르타도,Rum Shot Cortado,Short(숏) / 237ml (8 fl oz),70,45,1.8,8,3,75,우유,https://image.istarbucks.co.kr/upload/store/skuimg/2017/12/[9200000001086]_20171218135157850.jpg,"[더종로R,청담스타R,한강진역R,홍대입구역사거리R 전용음료] 최고의 리저브 에스프레소 샷, 스팀 밀크 그리고 럼이 짙게 어우러진 스타벅스 리저브 만의 코르타도입니다.","[더종로R,청담스타R,한강진역R,홍대입구역사거리R 전용음료] 최고의 리저브 에스프레소 샷, 스팀 밀크 그리고 럼이 짙게 어우러진 스타벅스 리저브 만의 코르타도입니다."
스타벅스 돌체 라떼,Starbucks Dolce Latte,Tall(톨) / 355ml (12 fl oz),255,190,2.5,39,12,150,우유,https://image.istarbucks.co.kr/upload/store/skuimg/2015/07/[128692]_20150723020548416.jpg,깊은 에스프레소와 깔끔한 무지방 우유가 어우러진 달콤한 음료.,스타벅스의 다른 음료보다 더욱 깊은 커피의 맛과 향에 깔끔한 무지방 우유와 부드러운 돌체 시럽이 들어간 음료로 외관이 아름다운 층을 이루고 있는 스타벅스의 클래식 라떼 입니다.
아이스 라벤더 카페 브레베,Iced Lavender Cafe Breve,Tall(톨) / 355ml (12 fl oz),335,110,18,27,6,75,우유,https://image.istarbucks.co.kr/upload/store/skuimg/2016/12/[9200000000433]_20161213162207696.jpg,"[더종로R,청담스타R,한강진역R,홍대입구역사거리R,이대R 전용음료] 블랙이글로 추출한 리저브 에스프레소 샷과 은은한 라벤더향이 고급스럽게 어우러진 리저브 특화음료입니다.","[더종로R,청담스타R,한강진역R,홍대입구역사거리R,이대R 전용음료] 블랙이글로 추출한 리저브 에스프레소 샷과 은은한 라벤더향이 고급스럽게 어우러진 리저브 특화음료입니다. 보라색 라벤더꽃이 화려하게 장식된 부드럽고 세련된 풍미의 라벤더 카페 브레베를 만나보세요!"
아이스 스타벅스 돌체 라떼,Iced Starbucks Dolce Latte,Tall(톨) / 355ml (12 fl oz),230,145,2.5,35,10,150,우유,https://image.istarbucks.co.kr/upload/store/skuimg/2015/08/[128695]_20150803100201917.jpg,커피 향과 부드러움의 조화가 아주 멋진 아이스 커피 입니다.,스타벅스의 다른 음료보다 더욱 깊은 커피의 맛과 향에 깔끔한 무지방 우유와 부드러운 돌체 시럽이 들어간 음료로 외관이 아름다운 층을 이루고 있는 스타벅스의 클래식 아이스 라떼 입니다.
아이스 카페 라떼,Iced Caffe Latte,Tall(톨) / 355ml (12 fl oz),110,75,3.5,8,6,75,우유,https://image.istarbucks.co.kr/upload/store/skuimg/2015/08/[110569]_20150813221315652.jpg,에스프레소 샷과 시원한 우유와 얼음으로 고소한 음료.,풍부하고 진한 농도의 에스프레소에 시원한 우유를 더하여 우유의 고소함과 에스프레소의 강렬함이 차가운 얼음과 어우러져 시원하게 즐기실 수 있는 커피 입니다. 스타벅스만의 전용 두유를 사용하여 나만의 음료를 즐기세요! 스타벅스 두유는 커피와 부드러운 조화를 이룹니다.
카페 라떼,Caffe Latte,Tall(톨) / 355ml (12 fl oz),180,115,5,13,10,75,우유,https://image.istarbucks.co.kr/upload/store/skuimg/2015/08/[41]_20150813221357154.jpg,에스프레소 샷과 따뜻한 우유와 거품으로 마무리된 음료.,"풍부하고 진한 농도의 에스프레소가 신선한 스팀밀크를 만나 부드러워진 커피 위에 우유거품을 살짝 얹은 음료로, 전세계적으로 스타벅스에서 가장 인기 있는 커피 음료입니다. 스타벅스만의 전용 두유를 사용하여 나만의 음료를 즐기세요! 스타벅스 두유는 커피와 부드러운 조화를 이룹니다."
아이스 카페 모카,Iced Caffe Mocha,Tall(톨) / 355ml (12 fl oz),250,70,8,21,7,95,우유,https://image.istarbucks.co.kr/upload/store/skuimg/2015/08/[110566]_20150813221545269.jpg,모카시럽과 시원한 우유에 휘핑크림이 토핑된 에스프레소 음료.,진한 초콜릿 모카 시럽과 풍부한 에스프레소의 조화에 시원한 우유가 어우러져 달콤함과 풍부함이 어우러진 음료로 시원한 얼음위에 휘핑 크림을 얹어 달콤함이 특징인 커피 음료입니다.
아이스 화이트 초콜릿 모카,Iced White Chocolate Mocha,Tall(톨) / 355ml (12 fl oz),350,150,11,41,8,75,우유,https://image.istarbucks.co.kr/upload/store/skuimg/2015/08/[110572]_20150803102719457.jpg,화이트 초콜릿과 시원한 우유가 첨가된 에스프레소 음료.,"달콤하고 부드러운 화이트 초콜릿 시럽과 에스프레소를 시원한 우유와 혼합한 후 휘핑크림으로 마무리한 음료로, 풍부한 달콤함과 강렬한 에스프레소가 부드럽게 어우러진 커피 입니다."
카페 모카,Caffe Mocha,Tall(톨) / 355ml (12 fl oz),290,105,9,25,10,95,우유,https://image.istarbucks.co.kr/upload/store/skuimg/2015/08/[46]_20150803105115048.jpg,모카시럽과 스팀밀크에 휘핑크림이 토핑된 에스프레소.,"진한 초콜릿 모카 시럽과 풍부한 에스프레소를 스팀밀크와 혼합한 후 휘핑크림으로 마무리한 음료로써, 진한 에스프레소와 초콜릿 맛이 어우러진 커피입니다."
화이트 초콜릿 모카,White Chocolate Mocha,Tall(톨) / 355ml (12 fl oz),390,190,11,45,12,75,우유,https://image.istarbucks.co.kr/upload/store/skuimg/2015/08/[128192]_20150803101501857.jpg,화이트 초콜릿과 스팀밀크가 첨가된 에스프레소 음료.,"달콤하고 부드러운 화이트 초콜릿 시럽과 에스프레소를 스팀밀크와 혼합한 후 휘핑크림으로 마무리한 음료로, 풍부한 달콤함과 강렬한 에스프레소가 부드럽게 어우러진 커피 입니다."
바닐라 플랫 화이트,Vanilla Flat White,Tall(톨) / 355ml (12 fl oz),220,130,5,23,9,260,우유,https://image.istarbucks.co.kr/upload/store/skuimg/2019/09/[9200000002406]_20190917152957184.jpg,스타벅스 리스트레토 샷과 향긋한 바닐라 풍미가 더해진 진하고 달콤한 음료.,바닐라 플랫 화이트는 진하고 고소한 리스트레토 샷과 적은 양의 우유로 환상적인 조화를 느낄 수 있습니다.
바닐라 스타벅스 더블 샷,Vanilla Starbucks Double Shot,207ml (7 fl oz),125,30,4.5,14,2,145,우유,https://image.istarbucks.co.kr/upload/store/skuimg/2018/10/[110612]_20181022143635434.jpg,"신선하게 제조된 더블 샷 믹스에 바닐라 시럽을 넣고 에스프레소 샷, 얼음이 어우러져 핸드 쉐이킹한 음료입니다.","신선하게 제조된 더블 샷 믹스에 바닐라 시럽을 넣고 에스프레소 샷, 얼음이 어우러져 핸드 쉐이킹한 음료입니다."
블론드 리스트레토 마키아또,Blonde Ristretto Macchiato,Tall(톨) / 355ml (12 fl oz),265,140,6,33,9,150,,https://image.istarbucks.co.kr/upload/store/skuimg/2019/04/[9200000002191]_20190415144850803.jpg,블론드 에스프레소의 달콤하고 시트러스한 풍미의 매력을 블론드 리스트레토 마키아또로 즐겨보세요!,블론드 에스프레소의 달콤하고 시트러스한 풍미의 매력을 블론드 리스트레토 마키아또로 즐겨보세요!
블론드 에스프레소 토닉,Blonde Espresso Tonic,Tall(톨) / 355ml (12 fl oz),80,30,0,17,1,170,,https://image.istarbucks.co.kr/upload/store/skuimg/2019/04/[9200000002188]_20190415144717933.jpg,블론드 에스프레소와 시트러스한 풍미의 토닉 워터가 어우러진 블론드 에스프레소 토닉을 상쾌하게 즐겨보세요!,블론드 에스프레소와 시트러스한 풍미의 토닉 워터가 어우러진 블론드 에스프레소 토닉을 상쾌하게 즐겨보세요!
아이스 블론드 리스트레토 마키아또,Iced Blonde Ristretto Macchiato,Tall(톨) / 355ml (12 fl oz),215,95,3.8,28,6,150,,https://image.istarbucks.co.kr/upload/store/skuimg/2019/04/[9200000002194]_20190415144953517.jpg,블론드 에스프레소의 달콤하고 시트러스한 풍미의 매력을 아이스 블론드 리스트레토 마키아또로 즐겨보세요!,블론드 에스프레소의 달콤하고 시트러스한 풍미의 매력을 아이스 블론드 리스트레토 마키아또로 즐겨보세요!
에스프레소,Espresso,Solo(솔로) / 22ml (0.75 fl oz),5,0,0,0,0,75,,https://image.istarbucks.co.kr/upload/store/skuimg/2015/08/[20]_20150813221922951.jpg,스타벅스의 핵심인 강렬하고 카라멜향이 달콤한 음료,"스타벅스 에스프레소는 향기로운 크레마층과 바디층, 하트 층으로 이루어져 있으며, 입안 가득히 커피와 달콤한 카라멜 향이 느껴지는 커피 음료입니다. 스타벅스 에스프레소는 모든 커피 음료의 기본이 되며, 깊고 강렬한 커피를 좋아하는 ‘Coffee mania’에게 추천해 드리며, 에스프레소는 만들어지는 즉시 드시는 것이 가장 맛있습니다."
카라멜 스타벅스 더블 샷,Caramel Starbucks Double Shot,207ml (7 fl oz),125,28.5,5,14,3,150,우유,https://image.istarbucks.co.kr/upload/store/skuimg/2018/10/[110613]_20181022143659612.jpg,"신선하게 제조된 더블 샷 믹스에 카라멜 시럽을 넣고 에스프레소 샷, 얼음이 어우러져 핸드 쉐이킹한 음료입니다.","신선하게 제조된 더블 샷 믹스에 카라멜 시럽을 넣고 에스프레소 샷, 얼음이 어우러져 핸드 쉐이킹한 음료입니다."
커피 스타벅스 더블 샷,Coffee Starbucks Double Shot,207ml (7 fl oz),125,28.5,5,14,3,150,우유,https://image.istarbucks.co.kr/upload/store/skuimg/2015/08/[110611]_20150813220251638.jpg,"신선하게 제조된 더블 샷 믹스에 클래식 시럽을 넣고 에스프레소 샷, 얼음이 어우러져 핸드 쉐이킹한 음료입니다.","신선하게 제조된 더블 샷 믹스에 커피, 바닐라, 카라멜, 헤이즐넛 4종류 중 선택된 시럽을 넣고 에스프레소 샷, 얼음이 어우러져 핸드 쉐이킹한 음료입니다."
클래식 아포가토,Classic Affogato,Tall(톨) / 355ml (12 fl oz),225,70,10,18,3,0,우유,https://image.istarbucks.co.kr/upload/store/skuimg/2018/07/[9200000001631]_20180726125701691.jpg,[리저브R 매장 전용음료] 리저브 에스프레소 투 샷이 바닐라 아이스크림과 진하게 어우러진 정통 아포가토,최고의 에스프레소 머신에서 추출한 리저브의 에스프레소 샷의 깊은 풍미와
헤이즐넛 스타벅스 더블 샷,Hazelnut Starbucks Double Shot,207ml (7 fl oz),125,28.5,5,14,3,150,우유,https://image.istarbucks.co.kr/upload/store/skuimg/2018/10/[110614]_20181022143713157.jpg,"신선하게 제조된 더블 샷 믹스에 헤이즐넛 시럽을 넣고 에스프레소 샷, 얼음이 어우러져 핸드 쉐이킹한 음료입니다.","신선하게 제조된 더블 샷 믹스에 헤이즐넛 시럽을 넣고 에스프레소 샷, 얼음이 어우러져 핸드 쉐이킹한 음료입니다."
블랙 와플칩 크림 프라푸치노,Black Waffle chip Cream Frappuccino,Tall(톨) / 355ml (12 fl oz),455,160,11,47,6,11,대두 / 우유 / 난류 / 밀,https://image.istarbucks.co.kr/upload/store/skuimg/2020/04/[9200000002745]_20200403132226636.jpg,"블랙 와플칩 쿠키를 통째로 갈아서 만든 매력만점 프라푸치노!
시크한 블랙 와플과 부드러운 크림 프라푸치노가 어우러진,
겉은 시크하지만 속은 부드러운 반전매력 블랙 와플칩 크림 프라푸치노",블랙 와플칩 쿠키를 통째로 갈아서 만든 매력만점 프라푸치노!
제주 청보리 크림 프라푸치노,Jeju Green Barley Cream Frappuccino,Grande(그란데) / 473ml (16 fl oz),385,240,9,54,8,0,,https://image.istarbucks.co.kr/upload/store/skuimg/2020/02/[9200000002668]_20200220135328820.jpg,"[제주지역 한정음료] 제주 바람의 숲 가파도를 연상시키는
음료로 청보리의 풋풋하고 고소함이 함께 느껴지는 음료
제주 청보리 크림 프라푸치노로
더욱 시원하게 가파도 길을 느껴보세요.",[제주지역 한정음료] 제주 바람의 숲 가파도를 연상시키는
모카 프라푸치노,Mocha Frappuccino,Tall(톨) / 355ml (12 fl oz),280,180,6,36,5,90,우유,https://image.istarbucks.co.kr/upload/store/skuimg/2015/08/[168004]_20150813221231921.jpg,"초콜릿, 커피와 얼음이 갈린 음료에 휘핑크림이 토핑된 음료.
라이트 프라푸치노용 시럽 선택 가능-Tall 사이즈 기준, 25% 이상 줄어든 저당(Low Sugar)으로 즐기실 수 있습니다.",'나만의 프라푸치노'로 변경되어 우유 선택과 커피 농도 조절이 가능한 블렌디드 음료입니다. 시원한 커피와 달콤한 초콜릿 모카 시럽이 잘 조화를 이루며 휘핑크림으로 마무리 된 커피 음료입니다.
에스프레소 프라푸치노,Espresso Frappuccino,Tall(톨) / 355ml (12 fl oz),140,125,1,22,3,120,우유,https://image.istarbucks.co.kr/upload/store/skuimg/2015/08/[168007]_20150813222212671.jpg,"에스프레소의 강렬함과 약간의 단맛을 시원하게 즐기는 프라푸치노.
라이트 프라푸치노용 시럽 선택 가능-Tall 사이즈 기준, 25% 이상 줄어든 저당(Low Sugar)으로 즐기실 수 있습니다.",'나만의 프라푸치노'로 변경되어 우유 선택과 커피 농도 조절이 가능한 블렌디드 음료입니다. 분쇄된 얼음과 시원한 커피에 풍부하고 진한 에스프레소 샷이 더해진 음료입니다. 좀 더 깊은 커피맛을 좋아하시는 분들께 추천해 드립니다.
이천 햅쌀 커피 프라푸치노,Icheon New Harvested Rice Coffee Frappuccino,Tall(톨) / 355ml (12 fl oz),270,200,2.2,41,5,85,대두 / 우유,https://image.istarbucks.co.kr/upload/store/skuimg/2019/04/[9200000002154]_20190423145139702.jpg,"간편하고 식사 대용으로 즐길 수 있는 새로운 이천햅쌀 커피 음료!
프라푸치노 커피 로스트와 햅쌀이 만나 더욱 복합적이고 고소한
곡물의 느낌이 살아있는 이천 햅쌀 프라푸치노의 커피 버전.",간편하고 식사 대용으로 즐길 수 있는 새로운 이천햅쌀 커피 음료!
자바 칩 프라푸치노,Java Chip Frappuccino,Tall(톨) / 355ml (12 fl oz),340,180,9,42,6,100,대두 / 우유 / 밀,https://image.istarbucks.co.kr/upload/store/skuimg/2015/08/[168016]_20150813231001890.jpg,"커피 프라푸치노에 초콜릿, 초콜릿 칩이 첨가된 아이스 블렌드로 달콤 아삭한 음료.
라이트 프라푸치노용 시럽 선택 가능-Tall 사이즈 기준, 25% 이상 줄어든 저당(Low Sugar)으로 즐기실 수 있습니다.",'나만의 프라푸치노'로 변경되어 우유 선택과 커피 농도 조절이 가능한 블렌디드 음료입니다. 초콜릿 모카 시럽 그리고 진한 초콜릿 칩이 입안에 느껴지는 스타벅스에서만 맛보실 수 있는 신개념 음료로 시원한 커피와 함께 초콜릿 칩의 씹히는 맛이 이색적입니다.
카라멜 프라푸치노,Caramel Frappuccino,Tall(톨) / 355ml (12 fl oz),300,190,7,39,4,85,우유,https://image.istarbucks.co.kr/upload/store/skuimg/2015/08/[168010]_20150813220356049.jpg,"카라멜 시럽이 더해진 커피 프라푸치노에 휘핑 크림, 카라멜이 장식된 음료.
라이트 프라푸치노용 시럽 선택 가능-Tall 사이즈 기준, 25% 이상 줄어든 저당(Low Sugar)으로 즐기실 수 있습니다.","'나만의 프라푸치노'로 변경되어 우유 선택과 커피 농도 조절이 가능한 블렌디드 음료입니다. 시원한 커피와 카라멜 시럽이 조화를 이루며 그위에 휘핑크림을 얹고 달콤한 카라멜로 장식한 커피 음료로, 스타벅스에서 여름에 가장 인기있는 음료입니다."
화이트 초콜릿 모카 프라푸치노,White Chocolate Mocha Frappuccino,Tall(톨) / 355ml (12 fl oz),320,210,7,43,5,85,우유,https://image.istarbucks.co.kr/upload/store/skuimg/2015/08/[168013]_20150806153343261.jpg,"화이트 초콜릿, 커피와 우유가 조합된 아이스 블렌드로 휘핑크림이 토핑된 음료.
라이트 프라푸치노용 시럽 선택 가능-Tall 사이즈 기준, 25% 이상 줄어든 저당(Low Sugar)으로 즐기실 수 있습니다.","'나만의 프라푸치노'로 변경되어 우유 선택과 커피 농도 조절이 가능한 블렌디드 음료입니다. 시원한 커피와 화이트 초콜릿 모카 시럽, 달콤한 휘핑크림이 조화를 이루며 코코아 파우더로 마무리한 음료입니다."
바닐라 크림 프라푸치노,Vanilla Cream Frappuccino,Tall(톨) / 355ml (12 fl oz),310,241,5.3,38,9,0,우유,https://image.istarbucks.co.kr/upload/store/skuimg/2015/08/[168054]_20150813220927322.jpg,"우유에 바닐라향이 조합된 아이스 블렌드로 휘핑크림이 토핑된 음료.
라이트 프라푸치노용 시럽 선택 가능-Tall 사이즈 기준, 25% 이상 줄어든 저당(Low Sugar)으로 즐기실 수 있습니다.",'나만의 프라푸치노'로 변경되어 우유 선택이 가능한 블렌디드 음료입니다. 신선한 우유와 크림 프라푸치노 특유의 풍미에 바닐라 시럽이 조화를 이루며 그 위에 휘핑크림으로 마무리된 음료입니다.
이천 햅쌀 크림 프라푸치노,Icheon New Harvested Rice Cream Frappuccino,Tall(톨) / 355ml (12 fl oz),240,200,2.2,33,5,0,대두 / 우유,https://image.istarbucks.co.kr/upload/store/skuimg/2019/04/[9200000001906]_20190423150021952.jpg,"우리 쌀 우리 음료 이천 햅쌀 크림 프라푸치노!
맛도 영양도 건강도 함께 챙길 수 있는 새로운 식감과
한국의 전통적인 느낌을 스타벅스만의 음료로 해석한 프라푸치노",우리 쌀 우리 음료 이천 햅쌀 크림 프라푸치노!
제주 까망 크림 프라푸치노,Jeju Black Sesame Cream Frappuccino,Grande(그란데) / 473ml (16 fl oz),600,330,7,79,9,0,대두 / 우유 / 밀,https://image.istarbucks.co.kr/upload/store/skuimg/2019/02/[9200000002088]_20190221165617635.jpg,"[제주지역 한정음료] 제주 까망 라떼의 프라푸치노 버전으로
쫄깃한 국내산 흑임자 떡과 블랙 소보로 토핑으로
컵빙수처럼 먹는 음료. 고소한 국내산 흑임자와
쫄깃한 국내산 흑임자 떡, 달콤한 블랙 소보로 토핑으로
제주의 돌 하르방 길을 느껴보세요.","[제주지역 한정음료] 제주 까망 라떼의 프라푸치노 버전으로 쫄깃한 국내산 흑임자 떡과 블랙 소보로 토핑으로 컵빙수처럼 먹는 음료. 고소한 국내산 흑임자와 쫄깃한 국내산 흑임자 떡, 달콤한 블랙 소보로 토핑으로 제주의 돌 하르방 길을 느껴보세요."
제주 쑥떡 크림 프라푸치노,Jeju Mugwort Cream Frappuccino,Grande(그란데) / 473ml (16 fl oz),460,250,10,57,8,0,대두 / 우유 / 밀,https://image.istarbucks.co.kr/upload/store/skuimg/2019/02/[9200000002090]_20190221165833072.jpg,"[제주지역 한정음료] 제주 쑥쑥 라떼의 시원한 버전으로
쫄깃쫄깃한 국내산 흑임자 떡으로
씹는 재미를 즐길 수 있는 음료.
제주 쑥과 국내산 흑임자 떡으로 제주 오름길을 느껴보세요.",[제주지역 한정음료] 제주 쑥쑥 라떼의 시원한 버전으로 쫄깃쫄깃한 국내산 흑임자 떡으로 씹는 재미를 즐길 수 있는 음료. 제주 쑥과 국내산 흑임자 떡으로 제주 오름길을 느껴보세요.
제주 유기농 말차로 만든 크림 프라푸치노,Malcha Cream Frappuccino From Jeju Organic Farm,Tall(톨) / 355ml (12 fl oz),185,140,2.2,31,4,60,우유,https://image.istarbucks.co.kr/upload/store/skuimg/2019/12/[9200000002502]_20191227095721775.jpg,깊고 진한 말차 본연의 맛과 향을 시원하고 부드럽게 즐길 수 있는 제주 유기농 말차로 만든 크림 프라푸치노를 만나보세요.,차광재배한 어린 녹찻잎을 곱게 간 제주 유기농 말차를 사용하였습니다. 깊고 진한 말차 본연의 맛과 향을 시원하고 부드럽게 즐길 수 있는 제주 유기농 말차로 만든 크림 프라푸치노를 만나보세요.
초콜릿 크림 칩 프라푸치노,Chocolate Cream Chip Frappuccino,Tall(톨) / 355ml (12 fl oz),370,266,7.5,44,11,10,대두 / 우유 / 밀,https://image.istarbucks.co.kr/upload/store/skuimg/2015/08/[168066]_20150806163214514.jpg,"모카시럽과 자바칩이 혼합된 크림 프라푸치노로 휘핑크림, 초콜렛 드리즐된 음료.
라이트 프라푸치노용 시럽 선택 가능-Tall 사이즈 기준, 25% 이상 줄어든 저당(Low Sugar)으로 즐기실 수 있습니다.",'나만의 프라푸치노'로 변경되어 우유 선택이 가능한 블렌디드 음료입니다. 신선한 우유와 크림 프라푸치노 특유의 풍미에달콤한 초콜릿 시럽과 초콜릿 칩이 더해져 오독오독 씹히는 맛이 특징적인 음료입니다.
초콜릿 크림 프라푸치노,Chocolate Cream Frappuccino,Tall(톨) / 355ml (12 fl oz),325,240,5.5,39,10,10,우유,https://image.istarbucks.co.kr/upload/store/skuimg/2015/08/[168057]_20150831180940747.jpg,"모카시럽이 혼합된 크림 프라푸치노에 휘핑크림, 초콜렛 드리즐로 완성된 음료.
라이트 프라푸치노용 시럽 선택 가능-Tall 사이즈 기준, 25% 이상 줄어든 저당(Low Sugar)으로 즐기실 수 있습니다.",'나만의 프라푸치노'로 변경되어 우유 선택이 가능한 블렌디드 음료입니다. 신선한 우유와 크림 프라푸치노 특유의 풍미에 달콤한 초콜릿 시럽의 조화에 휘핑크림과 초콜릿 드리즐로 마무리된 음료입니다.
화이트 딸기 크림 프라푸치노,White Strawberry Cream Frappuccino,Tall(톨) / 355ml (12 fl oz),360,170,11,54,4,0,대두 / 우유 / 토마토,https://image.istarbucks.co.kr/upload/store/skuimg/2019/04/[9200000002161]_20190423145431290.jpg,"달콤한 딸기 음료의 새로운 버전.
딸기에 눈이 소복이 쌓인 것 같은 비주얼에 풍부한 딸기 맛을
가볍게 즐길 수 있는 누구나 좋아하는 딸기 음료.
바닐라 크림 베이스로 더욱 깊은 딸기의 맛과 풍미를 즐겨보세요",달콤한 딸기 음료의 새로운 버전.
화이트 타이거 프라푸치노,White Tiger Frappuccino,Grande(그란데) / 473ml (16 fl oz),410,220,14,57,5,0,,https://image.istarbucks.co.kr/upload/store/skuimg/2019/07/[9200000002403]_20190711125729602.jpg,"밀크 쉐이크 같은 부드럽고 달콤한 바닐라 크림 프라푸치노에 깊은 풍미의 단맛을 가진 흑당시럽이 어우러져 용인에버랜드 백호의 줄무늬를 형상화한 부드럽고 달콤한 프라푸치노

* 용인에버랜드R 매장에서만 판매하는 음료입니다",밀크 쉐이크 같은 부드럽고 달콤한 바닐라 크림 프라푸치노에 깊은 풍미의 단맛을 가진 흑당시럽이 어우러져 용인에버랜드 백호의 줄무늬를 형상화한 부드럽고 달콤한 프라푸치노
제주 레드 빈 블렌디드,Jeju Red Bean Blended,Grande(그란데) / 473ml (16 fl oz),530,160,10,64,13,0,,https://image.istarbucks.co.kr/upload/store/skuimg/2020/02/[9200000002671]_20200220135607977.jpg,"[제주지역 한정음료] 제주 화산송이를 형상화한 음료로
국내산 레드 빈으로 표현한 뉴트로 음료로 고급진 레드 빈의 맛을
제주 스타벅스에서 더욱 시원하게 즐겨보세요.",[제주지역 한정음료] 제주 화산송이를 형상화한 음료로
제주 한라봉 블랙 티 블렌디드,Jeju Hallabong Black Tea Blended,Grande(그란데) / 473ml (16 fl oz),445,5,0,108,1,13,,https://image.istarbucks.co.kr/upload/store/skuimg/2020/02/[9200000002673]_20200220135746239.jpg,"[제주지역 한정음료] 제주 공원에서 볼 수 있는 튤립을
연상시키는 상큼한 타입의 티 블렌디드 음료.
제주 한라봉 베이스와 블랙 티가 만나 상큼한 티 블렌디드를
제주 스타벅스에서 즐겨보세요.",[제주지역 한정음료] 제주 공원에서 볼 수 있는 튤립을
망고 패션 후르츠 블렌디드,Mango Passion Fruit Blended,Tall(톨) / 355ml (12 fl oz),120,70,0,25,1,35,,https://image.istarbucks.co.kr/upload/store/skuimg/2016/09/[167004]_20160902191636973.jpg,진한 블랙 티에 망고 패션 후르츠 주스가 조합된 아이스 블렌드 음료,달콤한 망고 패션 후르츠 주스에 진하게 추출된 블랙 티를 얼음과 함께 블렌드한 음료로 깔끔하고 시원함이 특징적인 음료입니다.
딸기 요거트 블렌디드,Strawberry Yogurt Blended,Tall(톨) / 355ml (12 fl oz),250,128.4,0.9,48,8,0,우유 / 토마토,https://image.istarbucks.co.kr/upload/store/skuimg/2016/04/[9200000000044]_20160415132044486.jpg,딸기와 요거트의 상큼함이 가득 느껴지는 가벼운 컨셉의 블렌디드 음료입니다.,"리얼 요거트와 무지방 우유, 딸기가 어우러져 가볍고 상큼하게 즐길 수 있는 블렌디드 음료입니다. 식감과 풍미가 풍부하게 느껴지는 딸기를 요거트와 함께 음료로 즐겨보세요!"
망고 바나나 블렌디드,Mango Banana Blended,Grande(그란데) / 473ml (16 fl oz),270,110,1,48,4,0,우유,https://image.istarbucks.co.kr/upload/store/skuimg/2015/07/[169001]_20150723022552882.jpg,인기 음료인 망고 패션후르츠 블렌디드에 신선한 바나나 1개가 통째로 들어간 달콤한 프라푸치노,"달콤상큼한 망고 패션 후르츠 블렌디드에 신선한 바나나 1개를 통째로 넣고 우유, 얼음과 함께 곱게 갈아 제공되는 신개념 블렌디드. 취향에 따라 두유로도 선택이 가능하며 300kcal 이하의 열량으로 맛과 영양소를 동시에 섭취할 수 있는 음료입니다. 평소에 즐겨마시던 망고에 바나나를 더한다는 신선한 아이디어만큼이나 맛도 신선한 새로운 음료입니다. 음료 한잔으로 부드러운 맛 뿐만 아니라 든든함까지 얻을 수 있는 망고 바나나 블렌디드를 적극! 추천합니다."
익스트림 티 블렌디드,Extreme Tea Blended,Grande(그란데) / 473ml (16 fl oz),200,5,0,45,0,0,,https://image.istarbucks.co.kr/upload/store/skuimg/2019/07/[9200000002404]_20190711125823581.jpg,"시트러스한 베이스의 블렌디드에 매력적인 히비스커스 티(패션탱고티)가 어우러져 상큼함이 입안을 가득 채우는 익스트림 티 블렌디드

* 용인에버랜드R 매장에서만 판매하는 음료입니다",시트러스한 베이스의 블렌디드에 매력적인 히비스커스 티(패션탱고티)가 어우러져 상큼함이 입안을 가득 채우는 익스트림 티 블렌디드
자몽 셔벗 블렌디드,Grapefruit Sherbet Blended,Tall(톨) / 355ml (12 fl oz),225,15,0,51,1,0,,https://image.istarbucks.co.kr/upload/store/skuimg/2019/04/[9200000002153]_20190423145048072.jpg,"상큼함으로 끝까지 시원한 자몽 셔벗 블렌디드!
달콤 쌉싸름한 자몽과 상큼한 레모네이드가 얼음과 만나
셔벗처럼 가볍고 시원하게 즐길 수 있는 블렌디드 음료.",상큼함으로 끝까지 시원한 자몽 셔벗 블렌디드!
매직 팝 스플래쉬 피지오,Magic Pop Splash Fizzio™,Grande(그란데) / 473ml (16 fl oz),320,10,0,60,1,0,,https://image.istarbucks.co.kr/upload/store/skuimg/2019/07/[9200000002402]_20190711125640509.jpg,"신비한 보라색의 피지오가 팝시클이 녹으면서 핑크색으로 점차 변하며 마법이 일어난 것 같은 피지오 음료

* 용인에버랜드R 매장에서만 판매하는 음료입니다","상큼한 레모네이드에 파인애플, 패션후르츠의 달콤한 과육 그리고 열대과일 맛의 보라색 팝시클이 더해진 상큼하고 시원하게 즐길 수 있는 피지오. 보라색의 음료가 점차 핑크색으로 변하는 마법을 경험하게 되는 컬러풀한 피지오 음료"
블랙 티 레모네이드 피지오,Black Tea Lemonade Starbucks Fizzio™,Tall(톨) / 355ml (12 fl oz),65,0.2,0,17,0,35,,https://image.istarbucks.co.kr/upload/store/skuimg/2016/09/[107025]_20160905095924513.jpg,블랙 티와 상큼한 레모네이드를 스파클링한 시원하고 청량감 있는 음료입니다.,"진하게 우린 블랙 티와 상큼한 레모네이드를 더한 뒤, 스타벅스 만의 전용 머신을 이용해 스파클링한, 청량감 있는 음료입니다. 자칫 쌉싸름하게 느낄 수 있는 블랙 티를 레모네이드가 감싸주고, 목 넘김이 좋은 가벼운 탄산이 첨가되어 깔끔하게 즐길 수 있습니다."
쿨 라임 피지오,Cool Lime Starbucks Fizzio™,Tall(톨) / 355ml (12 fl oz),100,0,0,25,0,60,,https://image.istarbucks.co.kr/upload/store/skuimg/2015/08/[107051]_20150804111927377.jpg,그린 빈 추출액이 들어간 라임 베이스에 건조된 라임 슬라이스를 넣고 스파클링한 시원하고 청량감 있는 음료입니다. (카페인이 함유된 탄산음료입니다),2012년 출시되어 큰 사랑을 받았던 상큼한 쿨 라임이 스타벅스 피지오와 만나 더욱 프리미엄한 음료로 돌아왔습니다! 톡톡 튀는 수제 스파클링과 톡 쏘는 라임 풍미가 완벽하게 어우러진 쿨 라임 피지오와 함께 오늘 하루도 가볍고 활기차게 시작해 보세요!
패션 탱고 티 레모네이드 피지오,Passion Tango Tea Lemonade Starbucks Fizzio™,Tall(톨) / 355ml (12 fl oz),65,0.2,0,17,0,0,,https://image.istarbucks.co.kr/upload/store/skuimg/2016/09/[107031]_20160905102946376.jpg,패션 티와 상큼한 레모네이드를 스파클링한 시원하고 청량감 있는 음료입니다.,"상큼함이 특징인 패션 티를 진하게 우린 후 상큼한 레모네이드를 더한 뒤, 스타벅스 만의 전용 머신을 이용해 스파클링한, 청량감 있는 음료입니다. 꽃 향기와 달콤하고 상큼한 시트러스 향을 탄산과 함께 더욱 풍부하게 느끼고 싶으시다면 패션 티 레모네이드 피지오를 선택해 보세요! 언제 찾아도 기분이 좋아지는 훌륭한 음료입니다."
핑크 자몽 피지오,Pink Grapefruit Starbucks Fizzio™,Tall(톨) / 355ml (12 fl oz),185,20,0,43,1,0,,https://image.istarbucks.co.kr/upload/store/skuimg/2018/06/[9200000001321]_20180601160716831.jpg,"신선하게 착즙한 자몽이 스타벅스 만의 수제 탄산음료로 선보입니다.
핑크빛의 생자몽으로 아름다운 비주얼과 신선함을 느껴 보세요.",신선하게 착즙한 자몽이 스타벅스 만의 수제 탄산음료로 선보입니다.
피치 젤리 핫 티,Peach Jelly Hot Tea,Tall(톨) / 355ml (12 fl oz),190,65,0,21,0,40,복숭아,https://image.istarbucks.co.kr/upload/store/skuimg/2020/04/[9200000002754]_20200403132406530.jpg,"은은한 블랙 티에 복숭아의 풍미를 가득 담은 여름 음료의 대명사 아이스 티.
쫀득한 젤리의 질감으로 입 안에서 가득 퍼지는
스타벅스의 달콤하고 깔끔한 아이스 티를 선사합니다.(Hot Tea로도 즐길 수 있습니다.)",은은한 블랙 티에 복숭아의 풍미를 가득 담은 여름 음료의 대명사 아이스 티.
피치 젤리 아이스 티,Peach Jelly Iced Tea,Tall(톨) / 355ml (12 fl oz),120,40,0,13,0,35,복숭아,https://image.istarbucks.co.kr/upload/store/skuimg/2020/04/[9200000002757]_20200403132717649.jpg,"은은한 블랙 티에 복숭아의 풍미를 가득 담은 여름 음료의 대명사 아이스 티.
쫀득한 젤리의 질감으로 입 안에서 가득 퍼지는
스타벅스의 달콤하고 깔끔한 아이스 티를 선사합니다.(Hot Tea로도 즐길 수 있습니다.)",은은한 블랙 티에 복숭아의 풍미를 가득 담은 여름 음료의 대명사 아이스 티.
그랜마 애플 블랙 티,Grandma Apple Black Tea,Tall(톨) / 355ml (12 fl oz),230,5,0.2,38,1,0,,https://image.istarbucks.co.kr/upload/store/skuimg/2018/12/[9200000001929]_20181226180215751.jpg,"잉글리쉬 브렉퍼스트 티와 신선한 사과, 시나몬과 레몬의 가벼운 터치가
마치 할머니의 비밀 레시피같은 묘한 매력의 그랜마 애플 블랙 티를 소개합니다.

오직, Teavana Bar 매장에서만 만날 수 있습니다.","잉글리쉬 브렉퍼스트 티와 신선한 사과, 시나몬과 레몬의 가벼운 터치가"
라임 패션 티,Lime Passion Tea,Tall(톨) / 355ml (12 fl oz),140,25,0,35,0,150,,https://image.istarbucks.co.kr/upload/store/skuimg/2019/01/[9200000001931]_20190114160428952.jpg,"새콤달콤한 히비스커스와 라임의
이국적인 조화가 매력적인 라임 패션 티를 만나보세요!",새콤달콤한 히비스커스와 라임의 이국적인 조화가 매력적인 라임 패션 티를 만나보세요!
민트 블렌드 티,Mint Blend Brewed Tea,Tall(톨) / 355ml (12 fl oz),0,0,0,0,0,0,,https://image.istarbucks.co.kr/upload/store/skuimg/2016/09/[4004000000056]_20160905095218270.jpg,"스피어민트, 페퍼민트, 레몬버베나가 블렌딩된 상쾌한 허브 티 입니다.",태평양 북서지역에서 재배한 페퍼민트와 스피어민트에 따뜻한 타라곤을 곁들인 맑은 상쾌함이 특징인 티 음료 입니다.
아이스 그랜마 애플 블랙 티,Iced Grandma Apple Black Tea,Tall(톨) / 355ml (12 fl oz),230,5,0.2,38,1,40,,https://image.istarbucks.co.kr/upload/store/skuimg/2018/12/[9200000001930]_20181226180250814.jpg,"잉글리쉬 브렉퍼스트 티와 신선한 사과, 시나몬과 레몬의 가벼운 터치가
마치 할머니의 비밀 레시피같은 묘한 매력의 그랜마 애플 블랙 티를 소개합니다.

오직, Teavana Bar 매장에서만 만날 수 있습니다.","잉글리쉬 브렉퍼스트 티와 신선한 사과, 시나몬과 레몬의 가벼운 터치가"
아이스 라임 패션 티,Iced Lime Passion Tea,Tall(톨) / 355ml (12 fl oz),90,15,0,22,0,93,,https://image.istarbucks.co.kr/upload/store/skuimg/2019/01/[9200000001933]_20190114160516783.jpg,"새콤달콤한 히비스커스와 라임의
이국적인 조화가 매력적인 라임 패션 티를 만나보세요!",새콤달콤한 히비스커스와 라임의 이국적인 조화가 매력적인 라임 패션 티를 만나보세요!
아이스 민트 블렌드 티,Iced Mint Blend Brewed Tea,Tall(톨) / 355ml (12 fl oz),0,0,0,0,0,0,,https://image.istarbucks.co.kr/upload/store/skuimg/2016/09/[4004000000059]_20160905100053426.jpg,"스피어민트, 페퍼민트, 레몬버베나가 블렌딩된 상쾌한 허브 티 입니다.
(약 5분 정도의 티 추출 시간이 소요됩니다.)",시원하게 즐기는 상큼한 허브 티로 페퍼민트와 스피어민트에 따뜻한 타라곤을 곁들인 맑은 상쾌함이 특징인 티 음료 입니다.
아이스 유스베리 티,Iced Youthberry™Brewed Tea,Tall(톨) / 355ml (12 fl oz),0,0,0,0,0,20,,https://image.istarbucks.co.kr/upload/store/skuimg/2016/09/[9200000000229]_20160905094710349.jpg,"아사이베리, 히비스커스, 장미 꽃잎의 핑크빛 컬러가 감도는 수색과 베리류의 새콤함을 느낄 수 있는 화이트 티 입니다.","아사이베리, 히비스커스, 장미 꽃잎의 핑크빛 컬러가 감도는 수색과 베리류의 새콤함을 느낄 수 있는 화이트 티로 선홍빛의 아름다운 수색이 매력적인 허브 티 입니다."
아이스 유자 민트 티,Iced Yuja Mint Tea,Tall(톨) / 355ml (12 fl oz),130,15,0,33,0,0,,https://image.istarbucks.co.kr/upload/store/skuimg/2019/10/[9200000002574]_20191024172411440.jpg,"달콤한 유자와 알싸하고 은은한 진저,
우릴 수록 상쾌한 민트 티가 조화로운 유자 민트 티.
오직 티바나 바 매장에서만 만날 수 있습니다.","달콤한 유자와 알싸하고 은은한 진저,"
아이스 잉글리쉬 브렉퍼스트 티,Iced English Breakfast Brewed Tea,Tall(톨) / 355ml (12 fl oz),0,0,0,0,0,45,,https://image.istarbucks.co.kr/upload/store/skuimg/2016/09/[4004000000019]_20160905100755211.jpg,"인도 아삼, 스리랑카 실론, 중국의 홍차가 블렌딩 된 깊고 그윽한 블랙 티 입니다.
(약 5분 정도의 티 추출 시간이 소요됩니다.)","인도 아삼, 스리랑카, 중국 세 지역의 블렌딩 홍차로 진한 벌꿀향과 그윽한 몰드향이 특징인 블랙 티 입니다."
아이스 제주 유기 녹차,Iced Jeju Organic Green Tea,Tall(톨) / 355ml (12 fl oz),0,0,0,0,0,16,,https://image.istarbucks.co.kr/upload/store/skuimg/2016/09/[400400000094]_20160905100927573.jpg,"우수한 품질의 제주도 산 유기 녹차로만 이루어져 맑은 수색과 신선한 향, 맛이 뛰어난 녹차 입니다.
(약 3분 정도의 티 추출 시간이 소요됩니다.)",제주도에서 유기농법으로 재배된 우수한 품질의 녹차를 스타벅스 매장에서도 편안하게 즐기실 수 있도록 준비한 음료입니다. 청정 지역으로 유명한 제주도에서 유기농법으로 재배된 녹차로 맑고 풍부한 향이 마음까지 맑게 해주는 여유를 즐겨보세요.
아이스 차이 티,Iced Chai Brewed Tea,Tall(톨) / 355ml (12 fl oz),0,0,0,0,0,45,,https://image.istarbucks.co.kr/upload/store/skuimg/2016/09/[4004000000049]_20160905101031391.jpg,"진저, 카르다몸, 이국적인 풍미의 시나몬 등이 블렌딩된 블랙 티 입니다.
(약 5분 정도의 티 추출 시간이 소요됩니다.)",시원하게 즐기는 이국적인 블랙 티로 맛이 진한 인도 블랙 티와 히말라야 원주민 스타일의 향신료를 블렌딩한 차이 티 음료 입니다.
아이스 캐모마일 블렌드 티,Iced Chamomile Blend Brewed Tea,Tall(톨) / 355ml (12 fl oz),0,0,0,0,0,0,,https://image.istarbucks.co.kr/upload/store/skuimg/2016/09/[4004000000079]_20160905101225311.jpg,"캐모마일과 라벤더의 부드러운 꽃향이 어우러진 허브 티 입니다.
(약 5분 정도의 티 추출 시간이 소요됩니다.)","시원하게 즐기는 부드러운 허브 티로 캐모마일과 장미 꽃잎, 그리고 스피아민트로 블렌딩된 우아한 티 음료 입니다."
아이스 히비스커스 블렌드 티,Iced Hibiscus Blend Brewed Tea,Tall(톨) / 355ml (12 fl oz),0,0,0,0,0,0,,https://image.istarbucks.co.kr/upload/store/skuimg/2016/09/[4004000000069]_20160905101347336.jpg,"히비스커스, 사과의 풍부한 산미, 레몬그라스 등이 블렌딩된 허브 티 입니다.
(약 5분 정도의 티 추출 시간이 소요됩니다.)","시원하게 즐기는 상큼한 허브 티로 히비스커스와 로즈힙, 달콤한 계피, 파파야, 망고가 블렌딩된 싱그러움이 특징인 티 음료입니다."
유스베리 티,Youthberry™Brewed Tea,Tall(톨) / 355ml (12 fl oz),0,0,0,0,0,20,,https://image.istarbucks.co.kr/upload/store/skuimg/2016/09/[9200000000226]_20160902191950468.jpg,"아사이베리, 히비스커스, 장미 꽃잎의 핑크빛 컬러가 감도는 수색과 베리류의 새콤함을 느낄 수 있는 화이트 티 입니다.","아사이베리, 히비스커스, 장미 꽃잎의 핑크빛 컬러가 감도는 수색과 베리류의 새콤함을 느낄 수 있는 화이트 티로 선홍빛의 아름다운 수색이 매력적인 허브 티 입니다."
유자 민트 티,Yuja Mint Tea,Tall(톨) / 355ml (12 fl oz),260,30,0,65,0,0,,https://image.istarbucks.co.kr/upload/store/skuimg/2019/10/[9200000002572]_20191024172324362.jpg,"달콤한 유자와 알싸하고 은은한 진저,
우릴 수록 상쾌한 민트 티가 조화로운 유자 민트 티.
오직 티바나 바 매장에서만 만날 수 있습니다.","달콤한 유자와 알싸하고 은은한 진저,"
잉글리쉬 브렉퍼스트 티,English Breakfast Brewed Tea,Tall(톨) / 355ml (12 fl oz),0,0,0,0,0,45,,https://image.istarbucks.co.kr/upload/store/skuimg/2016/09/[4004000000016]_20160905101803567.jpg,"인도 아삼, 스리랑카 실론, 중국의 홍차가 블렌딩 된 깊고 그윽한 블랙 티 입니다.","인도 아삼, 스리랑카, 중국 세 지역의 블렌딩 홍차로 진한 벌꿀향과 그윽한 몰드향이 특징인 블랙 티 입니다."
자몽 허니 블랙 티,Grapefruit Honey Black Tea,Tall(톨) / 355ml (12 fl oz),125,4.2,0,30,0,40,,https://image.istarbucks.co.kr/upload/store/skuimg/2016/08/[9200000000187]_20160831101015979.jpg,새콤달콤한 자몽과 꿀이 깊고 그윽한 풍미의 스타벅스 티바나의 블랙 티와 만났습니다. 화려한 색감과 톡 쏘는 상큼함이 더해진 스타벅스의 새로운 티 음료입니다.,"새콤달콤한 자몽과 꿀이 어우러진 소스와 스타벅스 티바나의 깊고 그윽한 풍미의 블랙 티가 만났습니다. 자몽 특유의 선명하고 화려한 색감과 톡 쏘는 상큼함을 Hot,Iced 버전으로 즐겨보세요."
제주 유기 녹차,Jeju Organic Green Tea,Tall(톨) / 355ml (12 fl oz),0,0,0,0,0,16,,https://image.istarbucks.co.kr/upload/store/skuimg/2016/09/[400400000091]_20160905101907111.jpg,"우수한 품질의 제주도 산 유기 녹차로만 이루어져 맑은 수색과 신선한 향, 맛이 뛰어난 녹차 입니다.",제주도에서 유기농법으로 재배된 우수한 품질의 녹차를 스타벅스 매장에서도 편안하게 즐기실 수 있도록 준비한 음료입니다. 청정 지역으로 유명한 제주도에서 유기농법으로 재배된 녹차로 맑고 풍부한 향이 마음까지 맑게 해주는 여유를 즐겨보세요.
차이 티,Chai Brewed Tea,Tall(톨) / 355ml (12 fl oz),0,0,0,0,0,45,,https://image.istarbucks.co.kr/upload/store/skuimg/2016/09/[4004000000046]_20160905102520658.jpg,"진저, 카르다몸, 이국적인 풍미의 시나몬 등이 블렌딩된 블랙 티 입니다.",맛이 진한 인도 블랙 티와 히말라야 원주민 스타일의 향신료를 블렌딩한 차이 티와 함께 이국적인 풍미가 특징인 티 음료 입니다.
캐모마일 블렌드 티,Chamomile Blend Brewed Tea,Tall(톨) / 355ml (12 fl oz),0,0,0,0,0,0,,https://image.istarbucks.co.kr/upload/store/skuimg/2016/09/[4004000000076]_20160905102720294.jpg,캐모마일과 라벤더의 부드러운 꽃향이 어우러진 허브 티 입니다.,"캐모마일과 장미 꽃잎, 그리고 스피아민트로 블렌딩된 우아한 티로 편안한 휴식에 잘 어울리는 티 음료 입니다"
히비스커스 블렌드 티,Hibiscus Blend Brewed Tea,Tall(톨) / 355ml (12 fl oz),0,0,0,0,0,0,,https://image.istarbucks.co.kr/upload/store/skuimg/2016/09/[4004000000066]_20160905103109779.jpg,"히비스커스, 사과의 풍부한 산미, 레몬그라스 등이 블렌딩된 허브 티 입니다.","히비스커스와 로즈힙, 달콤한 계피, 파파야, 망고가 블렌딩된 싱그러움이 특징인 티 음료 입니다."
아이스 자몽 허니 블랙 티,Iced Grapefruit Honey Black Tea,Tall(톨) / 355ml (12 fl oz),125,4.3,0,30,0,35,,https://image.istarbucks.co.kr/upload/store/skuimg/2016/08/[9200000000190]_20160831101044765.jpg,새콤달콤한 자몽과 꿀이 깊고 그윽한 풍미의 스타벅스 티바나의 블랙 티와 만났습니다. 화려한 색감과 톡 쏘는 상큼함이 더해진 스타벅스의 새로운 티 음료입니다.,"새콤달콤한 자몽과 꿀이 어우러진 소스와 스타벅스 티바나의 깊고 그윽한 풍미의 블랙 티가 만났습니다. 자몽 특유의 선명하고 화려한 색감과 톡 쏘는 상큼함을 Hot,Iced 버전으로 즐겨보세요."
그랜마 애플 블랙 밀크 티,Grandma Apple Black Milk Tea,Tall(톨) / 355ml (12 fl oz),320,180,4.2,45,11,30,우유,https://image.istarbucks.co.kr/upload/store/skuimg/2019/10/[9200000002568]_20191024172150506.jpg,"그랜마 애플 블랙 티의 밀크 티 버전.
시나몬과 사과로 만든 할머니의 비밀 레시피로
블랙 티의 풍미가 더욱 풍부해졌습니다.
콜드 폼 위에 올려진 앙증맞은 사과모양이 포인트인
그랜마 애플 블랙 밀크 티를 티바나 바 / 리저브 바에서 느껴보세요.",그랜마 애플 블랙 티의 밀크 티 버전.
돌체 블랙 밀크 티,Dolce Black Milk Tea,Tall(톨) / 355ml (12 fl oz),370,170,8,50,12,45,우유,https://image.istarbucks.co.kr/upload/store/skuimg/2019/10/[9200000002564]_20191024172011855.jpg,"진한 홍차에 부드러운 우유와 연유 시럽으로 향긋하고
달콤하게 맛을 낸 스타벅스만의 돌체 블랙 밀크 티를
오직 티바나 바 매장에서만 만날 수 있습니다.",진한 홍차에 부드러운 우유와 연유 시럽으로 향긋하고
아이스 그랜마 애플 블랙 밀크 티,Iced Grandma Apple Black Milk Tea,Tall(톨) / 355ml (12 fl oz),275,150,3.2,39,9,30,우유,https://image.istarbucks.co.kr/upload/store/skuimg/2019/10/[9200000002570]_20191024172240718.jpg,"그랜마 애플 블랙 티의 밀크 티 버전.
시나몬과 사과로 만든 할머니의 비밀 레시피로
블랙 티의 풍미가 더욱 풍부해졌습니다.
콜드 폼 위에 올려진 앙증맞은 사과모양이 포인트인
그랜마 애플 블랙 밀크 티를 티바나 바 / 리저브 바에서 느껴보세요.",그랜마 애플 블랙 티의 밀크 티 버전.
아이스 돌체 블랙 밀크 티,Iced Dolce Black Milk Tea,Tall(톨) / 355ml (12 fl oz),270,115,5,38,8,45,우유,https://image.istarbucks.co.kr/upload/store/skuimg/2019/10/[9200000002566]_20191024172100821.jpg,"진한 홍차에 부드러운 우유와 연유 시럽으로 향긋하고
달콤하게 맛을 낸 스타벅스만의 돌체 블랙 밀크 티를
오직 티바나 바 매장에서만 만날 수 있습니다.",진한 홍차에 부드러운 우유와 연유 시럽으로 향긋하고
아이스 제주 유기농 말차로 만든 라떼,Iced Malcha Latte from Jeju Organic farm,Tall(톨) / 355ml (12 fl oz),155,95,3.6,16,6,60,우유,https://image.istarbucks.co.kr/upload/store/skuimg/2019/12/[9200000002499]_20191227100221314.jpg,차광재배한 어린 녹찻잎을 곱게 간 제주 유기농 말차를 사용하였습니다. 깊고 진한 말차 본연의 맛과 향을 시원하고 부드럽게 즐길 수 있는 제주 유기농 말차로 만든 라떼를 만나보세요.,차광재배한 어린 녹찻잎을 곱게 간 제주 유기농 말차를 사용하였습니다. 깊고 진한 말차 본연의 맛과 향을 시원하고 부드럽게 즐길 수 있는 제주 유기농 말차로 만든 라떼를 만나보세요.
아이스 차이 티 라떼,Iced Chai Tea Latte,Tall(톨) / 355ml (12 fl oz),190,70,3,31,5,75,우유,https://image.istarbucks.co.kr/upload/store/skuimg/2015/08/[135612]_20150813231332126.jpg,부드러운 우유에 이국적인 스파이시한 풍미가 특징적인 티 라떼 입니다.,"스파이시한 향의 달콤한 차이와 신선한 우유가 잘 어우러진 부드러운 티라떼 음료이며, 인도 전통 차로 차이 시럽의 독특한 계피향이 이국적인 맛과 향을 제공합니다. 스타벅스만의 전용 두유를 사용하여 나만의 음료를 즐기세요! 스타벅스 두유는 커피와 부드러운 조화를 이룹니다."
제주 유기농 말차로 만든 라떼,Malcha Latte from Jeju Organic farm,Tall(톨) / 355ml (12 fl oz),205,130,5,20,9,60,우유,https://image.istarbucks.co.kr/upload/store/skuimg/2019/12/[9200000002496]_20191227100637687.jpg,차광재배한 어린 녹찻잎을 곱게 간 제주 유기농 말차를 사용하였습니다. 깊고 진한 말차 본연의 맛과 향을 부드럽게 즐길 수 있는 제주 유기농 말차로 만든 라떼를 만나보세요.,차광재배한 어린 녹찻잎을 곱게 간 제주 유기농 말차를 사용하였습니다. 깊고 진한 말차 본연의 맛과 향을 부드럽게 즐길 수 있는 제주 유기농 말차로 만든 라떼를 만나보세요.
차이 티 라떼,Chai Tea Latte,Tall(톨) / 355ml (12 fl oz),200,70,3,31,6,75,우유,https://image.istarbucks.co.kr/upload/store/skuimg/2016/09/[135608]_20160905102333436.jpg,부드러운 우유에 이국적인 스파이시한 풍미가 특징적인 티 라떼 입니다.,"스파이시한 향의 달콤한 차이와 신선한 스팀밀크가 잘 어우러진 부드러운 티라떼 음료이며, 인도 전통 차로 차이 시럽의 독특한 계피향이 이국적인 맛과 향을 제공합니다. 스타벅스만의 전용 두유를 사용하여 나만의 음료를 즐기세요! 스타벅스 두유는 커피와 부드러운 조화를 이룹니다."
아이스 제주 레드 빈 라떼,Iced Jeju Red Bean Latte,Grande(그란데) / 473ml (16 fl oz),425,160,11,43,11,0,,https://image.istarbucks.co.kr/upload/store/skuimg/2020/02/[9200000002670]_20200220135516892.jpg,"[제주지역 한정음료] 제주 화산송이를 형상화한 음료로
국내산 레드 빈으로 표현한 뉴트로 음료로 고급진 레드 빈의 맛을
제주 스타벅스에서 즐겨보세요.",[제주지역 한정음료] 제주 화산송이를 형상화한 음료로
아이스 제주 청보리 라떼,Iced Jeju Green Barley Latte,Grande(그란데) / 473ml (16 fl oz),395,220,12,42,12,0,,https://image.istarbucks.co.kr/upload/store/skuimg/2020/02/[9200000002667]_20200220135233855.jpg,"[제주지역 한정음료] 제주 바람의 숲 가파도를 연상시키는
음료로 청보리의 풋풋하고 고소함이 함께 느껴지는 음료.
제주 청보리 라떼로 가파도 길을 느껴보세요.",[제주지역 한정음료] 제주 바람의 숲 가파도를 연상시키는
제주 레드 빈 라떼,Jeju Red Bean Latte,Grande(그란데) / 473ml (16 fl oz),410,200,7,47,14,0,,https://image.istarbucks.co.kr/upload/store/skuimg/2020/02/[9200000002669]_20200220135416460.jpg,"[제주지역 한정음료] 제주 화산송이를 형상화한 음료로
국내산 레드 빈으로 표현한 뉴트로 음료로 고급진 레드 빈의 맛을
제주 스타벅스에서 즐겨보세요.",[제주지역 한정음료] 제주 화산송이를 형상화한 음료로
제주 청보리 라떼,Jeju Green Barley Latte,Grande(그란데) / 473ml (16 fl oz),455,270,14,47,15,0,,https://image.istarbucks.co.kr/upload/store/skuimg/2020/02/[9200000002666]_20200220135145737.jpg,"[제주지역 한정음료] 제주 바람의 숲 가파도를 연상시키는
음료로 청보리의 풋풋하고 고소함이 함께 느껴지는 음료.
제주 청보리 라떼로 가파도 길을 느껴보세요.",[제주지역 한정음료] 제주 바람의 숲 가파도를 연상시키는
시그니처 핫 초콜릿,Signature Hot Chocolate,Tall(톨) / 355ml (12 fl oz),435,114,16,37,12,15,우유,https://image.istarbucks.co.kr/upload/store/skuimg/2015/08/[72]_20150813231821817.jpg,유럽 스타일의 진한 핫 초콜릿으로 휘핑크림과 코코아 파우더가 토핑된 음료.,진한 농도의 풍부한 초콜릿과 신선한 스팀밀크를 혼합한 후 휘핑 크림을 얹고 코코아 파우더로 장식한 프리미엄 초콜릿 음료입니다.
아이스 시그니처 초콜릿,Iced Signature Chocolate,Tall(톨) / 355ml (12 fl oz),435,114,16,37,12,15,우유,https://image.istarbucks.co.kr/upload/store/skuimg/2015/07/[110621]_20150723005650154.jpg,진한 초콜릿과 시원한 우유에 휘핑과 코코아 파우더가 얹어진 음료.,진한 농도의 풍부한 초콜릿과 시원한 우유의 혼합에 얼음을 넣고 휘핑크림과 코코아 파우더로 장식한 시원한 초콜릿 음료입니다.
플러피 판다 핫 초콜릿,Fluffy Panda Hot Chocolate,Grande(그란데) / 473ml (16 fl oz),480,160,18,48,12,30,우유,https://image.istarbucks.co.kr/upload/store/skuimg/2019/12/[9200000002594]_20191212184806609.jpg,"고소한 헤이즐넛과 진한 핫초콜릿의 만남,
귀여운 판다까지 더해진 플러피 판다 핫 초콜릿!

* 용인에버랜드R 매장에서만 판매하는 음료입니다","고소한 헤이즐넛과 진한 핫초콜릿의 만남,"
매직 윈터 트로피컬 핫 펀치,Magic Winter Tropical Hot Punch,Grande(그란데) / 473ml (16 fl oz),335,90,0,64,5,0,,https://image.istarbucks.co.kr/upload/store/skuimg/2019/12/[9200000002595]_20191212184851930.jpg,"새콤달콤한 파인애플과 패션후르츠의 환상적인 만남,
남녀노소 따뜻하게 즐길 수 있는 매직 윈터 트로피컬 핫 펀치!

* 용인에버랜드R 매장에서만 판매하는 음료입니다","새콤달콤한 파인애플과 패션후르츠의 환상적인 만남,"
스팀 우유,Steamed Milk,Tall(톨) / 355ml (12 fl oz),215,173,7,18,13,0,우유,https://image.istarbucks.co.kr/upload/store/skuimg/2015/07/[17]_20150723005119588.jpg,부드럽고 담백한 따뜻한 우유.,신선한 우유를 스팀하여 부드러운 거품을 얹어 마무리한 따뜻한 우유입니다.
아이스 라임 플로터,Iced Lime Floater,Grande(그란데) / 473ml (16 fl oz),110,6.5,0,27,0.3,7,,https://image.istarbucks.co.kr/upload/store/skuimg/2017/02/[9200000000429]_20170220161700284.jpg,"[더종로R,청담스타R,한강진역R,홍대입구역사거리R 전용음료] 라임, 민트 그리고 리저브 콜드 브루 샷으로 스타벅스 리저브만의 색깔로 변주한 모히토 음료입니다.","[더종로R,청담스타R,한강진역R,홍대입구역사거리R 전용음료] 라임, 민트 그리고 리저브 콜드 브루 샷으로 스타벅스 리저브만의 색깔로 변주한 모히토 음료입니다."
아이스 오렌지 플로터,Iced Orange Floater,Grande(그란데) / 473ml (16 fl oz),100,7,0,22,0.6,7,,https://image.istarbucks.co.kr/upload/store/skuimg/2017/02/[9200000000428]_20170220161626370.jpg,"[더종로R,청담스타R,한강진역R,홍대입구역사거리R 전용음료] 오렌지의 상큼함과 리저브 콜드 브루 샷이 상쾌하게 느껴지는 리프레쉬 음료입니다.","[더종로R,청담스타R,한강진역R,홍대입구역사거리R 전용음료] 오렌지의 상큼함과 리저브 콜드 브루 샷이 상쾌하게 느껴지는 리프레쉬 음료입니다."
아이스 와일드 베리 플로터,Iced Wild Berry Floater,Grande(그란데) / 473ml (16 fl oz),130,9,0,28,1,7,,https://image.istarbucks.co.kr/upload/store/skuimg/2017/12/[9200000001085]_20171218140353639.jpg,"[더종로R,청담스타R,한강진역R,홍대입구역사거리R 전용음료] 블랙베리, 딸기, 스파이스 그리고 리저브 콜드 브루 샷이 어우러진 리프레쉬 음료입니다.","[더종로R,청담스타R,한강진역R,홍대입구역사거리R 전용음료] 블렉베리, 딸기, 스파이스 그리고 리저브 콜드 브루 샷이 어우러진 리프레쉬 음료입니다."
아이스 제주 까망 라떼,Iced Jeju Black Sesame Latte,Grande(그란데) / 473ml (16 fl oz),225,130,11,13,8,0,우유 / 오징어,https://image.istarbucks.co.kr/upload/store/skuimg/2018/04/[9200000001302]_20180418152834957.jpg,"[제주지역 한정음료] 제주도의 돌담길과 하르방의 풍경을 제주 까망 라떼로 느껴보세요.
고소한 흑임자와 달콤한 소보로 토핑으로 시원하게 누구나 즐길 수 있는 음료입니다.",[제주지역 한정음료] 제주도의 돌담길과 하르방의 풍경을 제주 까망 라떼로 느껴보세요.
우유,Milk,Tall(톨) / 355ml (12 fl oz),240,200,8,18,12,0,우유,https://image.istarbucks.co.kr/upload/store/skuimg/2015/07/[18]_20150723002143240.jpg,고소하고 담백한 신선한 우유.,고소하고 담백한 신선한 우유입니다.
제주 까망 라떼,Jeju Black Sesame Latte,Grande(그란데) / 473ml (16 fl oz),225,170,7,18,10,0,우유 / 오징어,https://image.istarbucks.co.kr/upload/store/skuimg/2018/04/[9200000001301]_20180418152720677.jpg,"[제주지역 한정음료] 제주도의 돌담길과 하르방의 풍경을 제주 까망 라떼로 느껴보세요.
고소한 흑임자와 달콤한 소보로 토핑으로 누구나 즐길 수 있는 음료입니다.",[제주지역 한정음료] 제주도의 돌담길과 하르방의 풍경을 제주 까망 라떼로 느껴보세요.
제주 쑥쑥 라떼,Jeju Mugwort Latte,Grande(그란데) / 473ml (16 fl oz),425,210,9,50,16,0,대두 / 우유,https://image.istarbucks.co.kr/upload/store/skuimg/2019/02/[9200000002089]_20190221165720149.jpg,"[제주지역 한정음료] 제주의 푸릇푸릇한 쑥 향을 느끼며 건강과
힐링을 즐기는 음료로 제주의 오름길을 상징하는 음료.
제주 쑥으로 향긋하고 푸릇푸릇한 쑥 향을 느끼며
건강과 힐링을 느낄 수 있는 Non Coffee음료.",[제주지역 한정음료] 제주의 푸릇푸릇한 쑥 향을 느끼며 건강과 힐링을 즐기는 음료로 제주의 오름길을 상징하는 음료. 제주 쑥으로 향긋하고 푸릇푸릇한 쑥 향을 느끼며 건강과 힐링을 느낄 수 있는 Non Coffee음료.
레드 선라이즈 270ML,Red Sunrise 270ML,270 ml,130,10,0,27,1,0,,https://image.istarbucks.co.kr/upload/store/skuimg/2019/06/[9300000002118]_20190626102229661.jpg,강렬한 에너지가 느껴지는 뿌리 채소와 상큼한 과일,
옐로우 패션 270ML,Yellow Passion 270ML,270 ml,145,5,0,31,1,0,,https://image.istarbucks.co.kr/upload/store/skuimg/2019/06/[9300000002119]_20190626102349286.jpg,생기 발랄함이 가득 느껴지는 사과와 패션후르츠,
파인 그린 270ML,Fine Green 270ML,270 ml,140,5,0,28,1,0,,https://image.istarbucks.co.kr/upload/store/skuimg/2019/06/[9300000002117]_20190626101849029.jpg,초록의 싱그러움을 가득 담은 초록 채소와 열대 과일,
딸기주스 190ML,Strawberry Juice 190ML,190 ml,100,15,0,19,1,0,,https://image.istarbucks.co.kr/upload/store/skuimg/2019/06/[5210008070]_20190627152902146.jpg,달콤한 국내산 딸기의 과육이 듬뿍 느껴지는 주스,
망고주스 190ML,Mango Juice 190ML,190 ml,112,35,0,24,1,0,,https://image.istarbucks.co.kr/upload/store/skuimg/2019/06/[5210008061]_20190627152423130.jpg,노랗게 익은 열대과일 망고가 입안 가득 느껴지는 주스,
수박주스 190ML,Watermelon Juice 190ML,190 ml,90,30,0,18,2,0,,https://image.istarbucks.co.kr/upload/store/skuimg/2019/06/[9300000002115]_20190626101440372.jpg,수박의 시원함과 달콤함이 풍성하게 느껴지는 주스,
케일&사과주스 190ML,Kale&Apple Juice 190ML,190 ml,135,20,0,26,2,0,,https://image.istarbucks.co.kr/upload/store/skuimg/2019/06/[5210008072]_20190627153051165.jpg,국내산 케일과 사과의 달콤함이 조화로운 녹색 주스,
토마토주스 190ML,Tomato Juice 190ML,190 ml,70,120,0,17,1,0,토마토,https://image.istarbucks.co.kr/upload/store/skuimg/2019/06/[5210008074]_20190627153254176.jpg,국내산 토마토의 풍성한 과육이 듬뿍 담겨있는 주스,
한라봉주스 190ML,Hallabong Juice 190ML,190 ml,88,40,0,20,1,0,,https://image.istarbucks.co.kr/upload/store/skuimg/2019/06/[5210008055]_20190627152215054.jpg,새콤달콤한 황금빛 제주 한라봉을 그대로 담아낸 주스,
햇사과 주스 190ML,Newly Harvested Apple Juice 190ML,190 ml,113,10,0,27,0.2,0,,https://image.istarbucks.co.kr/upload/store/skuimg/2019/12/[9300000002565]_20191205134634845.jpg,"햇사과 1개 반을 껍질 그대로 착즙한 사과 주스.
달콤새콤한 사과 주스를 신선하게 즐겨 보세요.",
홍시주스 190ML,Soft Persimmon Juice 190ML,190 ml,125,15,0,19,1,0,,https://image.istarbucks.co.kr/upload/store/skuimg/2019/12/[9300000002564]_20191205134551804.jpg,"감나무에 대롱대롱 잘 익은 홍시를 바로 따서 '후루룩~~' 마시는 식감
그대로의 홍시 주스.
""홍시 맛이 나서 홍시 주스이옵니다.""",
블루베리 요거트 190ML,Blueberry Yogurt 190ML,190 ml,155,70,3.6,18,5,0,우유,https://image.istarbucks.co.kr/upload/store/skuimg/2019/06/[5210008063]_20190627152600395.jpg,블루베리 과육이 입안 가득 느껴지는 마시는 요거트,
치아씨드 요거트 190ML,Chiaseed Yogurt 190ML,190 ml,145,70,3.9,14,6,0,우유,https://image.istarbucks.co.kr/upload/store/skuimg/2019/06/[5210008064]_20190627152728532.jpg,톡톡 터지는 치아 씨드가 입안 가득 느껴지는 마시는 요거트,
